{
  "yelp_neumf": {
    "Recall@10": 0.02850352110629969,
    "NDCG@10": 0.016166875544367257,
    "MRR": 0.01780048671980141,
    "n_users_tested": 54632
  },
  "yelp_diffrec": {
    "Recall@10": 0.00676297047837537,
    "NDCG@10": 0.0035224776296181506,
    "MRR": 0.003244864048513924,
    "n_users_tested": 54632
  },
  "yelp_lightgcn": {
    "Recall@10": 0.03776062549537802,
    "NDCG@10": 0.02145955385929973,
    "MRR": 0.022716677765458698,
    "n_users_tested": 54632
  }
}