{
  "videogames_neumf": {
    "Recall@10": 0.03280066377656777,
    "NDCG@10": 0.01717188148662986,
    "MRR": 0.01267526512389553,
    "n_users_tested": 63413
  },
  "videogames_diffrec": {
    "Recall@10": 0.02332615939999284,
    "NDCG@10": 0.011764587671113805,
    "MRR": 0.008478351417102145,
    "n_users_tested": 63413
  },
  "videogames_ldiffrec": {
    "Recall@10": 0.012650928568800299,
    "NDCG@10": 0.006667499006765504,
    "MRR": 0.005006503097982763,
    "n_users_tested": 63413
  },
  "videogames_lightgcn": {
    "Recall@10": 0.0625400154542444,
    "NDCG@10": 0.03391406598031039,
    "MRR": 0.025640309845835523,
    "n_users_tested": 63413
  }
}