{
  "lightgcn": {
    "Recall@10": 0.0625400154542444,
    "NDCG@10": 0.03391406598031039,
    "MRR": 0.025640309845835523,
    "n_users_tested": 63413
  },
  "neumf": {
    "Recall@10": 0.03280066377656777,
    "NDCG@10": 0.01717188148662986,
    "MRR": 0.01267526512389553,
    "n_users_tested": 63413
  },
  "diffrec": {
    "Recall@10": 0.007253682648317818,
    "NDCG@10": 0.003933681593009041,
    "MRR": 0.0030560555531775942,
    "n_users_tested": 63413
  }
}